TransactionID,UserID,Amount,Time,Location,Device,IsFraud
1,89,76.33,2025-11-04 11:25:11.582180,Hue,Web,0
2,79,26.04,2025-11-20 05:40:11.582203,Da Nang,Mobile,0
3,101,48.43,2025-11-14 12:09:11.582207,Da Nang,POS,0
4,136,53.84,2025-11-07 19:59:11.582209,Can Tho,POS,0
5,23,26.06,2025-11-15 00:32:11.582213,Da Nang,Web,0
6,107,2.84,2025-11-12 18:49:11.582224,Hanoi,POS,0
7,119,41.12,2025-10-31 19:07:11.582229,Hanoi,Web,0
8,33,48.59,2025-10-30 14:41:11.582232,Hue,Web,0
9,143,74.71,2025-11-05 07:53:11.582238,Hue,Mobile,0
10,94,36.0,2025-11-05 01:16:11.582241,Can Tho,POS,0
11,159,76.5,2025-11-22 22:53:11.582242,Can Tho,Mobile,0
12,62,102.2,2025-11-20 16:32:11.582244,HCM,Mobile,0
13,85,21.35,2025-11-10 09:44:11.582246,HCM,Mobile,0
14,15,18.33,2025-11-24 13:44:11.582247,Hue,POS,0
15,95,21.76,2025-11-23 05:20:11.582249,Hue,Mobile,0
16,14,5.82,2025-11-15 18:47:11.582250,Da Nang,Mobile,0
17,170,16.62,2025-11-01 16:14:11.582252,Da Nang,Mobile,0
18,67,193.79999999999998,2025-11-24 09:24:11.582253,New York,Web,1
19,157,68.82,2025-11-10 19:56:11.582255,HCM,Mobile,0
20,47,11.48,2025-11-03 20:50:11.582256,Can Tho,Web,0
21,100,9.77,2025-11-01 13:44:11.582258,Hanoi,POS,0
22,163,410.04,2025-11-16 15:43:11.582260,Tokyo,POS,1
23,24,29.29,2025-11-11 04:27:11.582261,Da Nang,Mobile,0
24,159,83.43,2025-11-09 22:04:11.582263,Can Tho,Mobile,0
25,134,125.5,2025-11-25 08:34:11.582264,HCM,POS,0
26,87,54.91,2025-11-24 09:56:11.582266,Hanoi,Web,0
27,106,84.99,2025-11-05 23:22:11.582267,HCM,POS,0
28,54,11.01,2025-10-30 13:10:11.582269,Hanoi,Mobile,0
29,141,2.74,2025-11-01 19:15:11.582270,HCM,Web,0
30,141,8.89,2025-11-24 16:33:11.582272,Can Tho,POS,0
31,196,1.62,2025-11-08 19:39:11.582273,Can Tho,Mobile,0
32,8,4.43,2025-11-17 01:15:11.582275,HCM,POS,0
33,193,110.67,2025-11-19 02:01:11.582276,Hanoi,Mobile,0
34,187,60.23,2025-10-31 19:36:11.582278,HCM,POS,0
35,170,130.17,2025-11-27 18:04:11.582279,Hue,Mobile,0
36,44,64.87,2025-11-17 05:21:11.582281,HCM,POS,0
37,163,10.39,2025-11-26 17:09:11.582282,Da Nang,POS,0
38,112,10.84,2025-11-07 10:37:11.582285,Hue,POS,0
39,34,0.98,2025-11-28 17:40:11.582286,Hanoi,Web,0
40,198,43.21,2025-11-26 16:28:11.582288,Hue,Mobile,0
41,70,92.85,2025-11-11 13:45:11.582289,Can Tho,POS,0
42,25,31.64,2025-11-20 02:22:11.582291,Can Tho,Web,0
43,131,43.63,2025-11-16 04:53:11.582292,Da Nang,POS,0
44,18,43.65,2025-11-24 16:58:11.582294,Hanoi,POS,0
45,63,24.62,2025-11-27 20:10:11.582295,HCM,POS,0
46,166,40.12,2025-11-16 04:37:11.582297,HCM,Mobile,0
47,170,5.31,2025-11-09 15:47:11.582298,Hue,Web,0
48,136,30.62,2025-11-20 22:15:11.582299,Da Nang,Mobile,0
49,189,40.1,2025-11-07 22:35:11.582301,HCM,POS,0
50,23,30.29,2025-11-01 04:43:11.582302,Da Nang,Web,0
51,191,46.08,2025-11-06 06:05:11.582304,Tokyo,POS,1
52,14,39.56,2025-11-11 18:49:11.582305,HCM,Web,0
53,75,10.88,2025-11-19 08:57:11.582307,Hanoi,Web,0
54,44,62.66,2025-11-18 15:13:11.582308,HCM,Mobile,0
55,20,4.52,2025-11-02 15:38:11.582310,Da Nang,Mobile,0
56,25,189.57,2025-11-20 23:16:11.582311,Can Tho,Mobile,0
57,64,37.88,2025-10-30 17:02:11.582313,Da Nang,POS,0
58,148,27.94,2025-10-31 21:16:11.582314,Da Nang,POS,0
59,45,18.77,2025-11-27 10:09:11.582316,Hue,Web,0
60,118,28.59,2025-10-30 09:04:11.582318,HCM,POS,0
61,102,33.84,2025-10-31 13:18:11.582320,Can Tho,Mobile,0
62,177,5.39,2025-11-05 20:39:11.582321,Hue,Web,0
63,72,4.0,2025-11-11 01:40:11.582323,Hue,POS,0
64,53,5.07,2025-11-05 08:51:11.582324,Hanoi,POS,0
65,43,41.58,2025-11-14 15:03:11.582326,Hanoi,Mobile,0
66,188,34.02,2025-11-01 13:19:11.582328,HCM,Mobile,0
67,132,199.63,2025-11-12 04:34:11.582329,HCM,Web,0
68,68,3.62,2025-11-27 19:22:11.582331,Can Tho,POS,0
69,107,48.73,2025-10-30 11:07:11.582332,Can Tho,Web,0
70,29,22.62,2025-11-06 04:08:11.582333,Hanoi,POS,0
71,174,16.85,2025-11-26 19:40:11.582335,HCM,Mobile,0
72,198,18.96,2025-11-13 11:31:11.582336,Da Nang,Mobile,0
73,49,76.79,2025-11-24 21:27:11.582338,Hanoi,POS,0
74,64,101.38,2025-11-20 08:24:11.582340,Can Tho,POS,0
75,52,98.73,2025-11-07 18:28:11.582341,Da Nang,Web,0
76,180,6.51,2025-11-26 20:33:11.582342,Da Nang,Mobile,0
77,105,1.41,2025-11-11 09:39:11.582344,Hanoi,Web,0
78,24,7.34,2025-11-05 18:18:11.582346,Hue,Mobile,0
79,45,45.4,2025-11-02 19:39:11.582347,Hue,Mobile,0
80,178,291.84000000000003,2025-11-24 05:58:11.582348,New York,Web,1
81,101,97.29,2025-11-11 19:01:11.582350,Da Nang,Web,0
82,105,19.02,2025-11-13 20:46:11.582351,Da Nang,Web,0
83,77,70.32,2025-11-14 20:58:11.582353,HCM,Web,0
84,15,12.74,2025-11-08 13:57:11.582354,HCM,POS,0
85,196,33.99,2025-11-11 14:22:11.582356,Can Tho,Web,0
86,131,51.32,2025-11-01 03:48:11.582357,HCM,Web,0
87,149,83.12,2025-11-15 04:14:11.582358,Da Nang,Web,0
88,169,13.91,2025-11-13 23:06:11.582360,Da Nang,POS,0
89,174,102.09,2025-11-29 08:46:11.582361,Hue,POS,0
90,89,52.47,2025-11-24 07:06:11.582363,Hue,Web,0
91,50,26.13,2025-11-18 16:02:11.582365,HCM,Web,0
92,59,148.85,2025-11-13 09:35:11.582366,Hue,Mobile,0
93,114,26.91,2025-11-02 09:54:11.582368,Can Tho,POS,0
94,135,162.92,2025-11-05 01:06:11.582370,Can Tho,POS,0
95,173,12.0,2025-11-15 16:50:11.582371,Can Tho,POS,0
96,159,46.44,2025-11-26 07:04:11.582373,HCM,Mobile,0
97,169,9.54,2025-11-08 10:57:11.582374,Da Nang,POS,0
98,112,2.35,2025-11-23 14:21:11.582376,Hanoi,Web,0
99,78,94.11,2025-11-17 08:41:11.582377,Hue,Web,0
100,186,0.28,2025-11-11 19:15:11.582378,HCM,Web,0
101,141,4.51,2025-11-23 23:26:11.582380,Hanoi,POS,0
102,12,187.18,2025-11-12 16:30:11.582381,Hanoi,Mobile,0
103,161,8.16,2025-11-18 06:59:11.582383,HCM,POS,0
104,155,5.78,2025-11-29 07:47:11.582384,Da Nang,Mobile,0
105,188,15.4,2025-11-08 16:32:11.582386,HCM,Web,0
106,175,43.13,2025-11-27 13:19:11.582387,HCM,Mobile,0
107,181,17.95,2025-11-23 16:29:11.582389,Hanoi,Mobile,0
108,165,24.43,2025-11-15 14:32:11.582390,Hanoi,Mobile,0
109,1,31.61,2025-11-06 07:31:11.582392,Can Tho,Mobile,0
110,51,91.7,2025-11-09 05:51:11.582393,Can Tho,POS,0
111,69,6.41,2025-11-01 22:56:11.582395,Hanoi,POS,0
112,141,84.39,2025-11-04 20:00:11.582396,HCM,Web,0
113,87,1.47,2025-11-06 21:35:11.582398,Hue,Mobile,0
114,32,51.35,2025-11-07 10:48:11.582399,Da Nang,POS,0
115,103,120.24,2025-11-25 03:28:11.582401,HCM,POS,0
116,114,23.49,2025-11-24 00:00:11.582402,Can Tho,Web,0
117,82,11.73,2025-11-24 14:25:11.582404,Da Nang,POS,0
118,11,63.79,2025-11-06 01:07:11.582405,Da Nang,Web,0
119,101,9.68,2025-11-15 21:22:11.582407,Da Nang,Mobile,0
120,151,133.02,2025-11-01 04:36:11.582408,New York,Web,1
121,35,21.74,2025-11-08 09:14:11.582410,HCM,POS,0
122,72,30.36,2025-11-23 00:15:11.582411,Can Tho,POS,0
123,22,269.97,2025-11-20 21:38:11.582413,Hue,Mobile,0
124,4,3.13,2025-11-02 21:08:11.582414,Can Tho,Mobile,0
125,106,673.08,2025-11-09 05:20:11.582416,Tokyo,Mobile,1
126,182,61.78,2025-11-06 01:53:11.582417,Hanoi,Web,0
127,86,34.63,2025-11-05 21:06:11.582419,Can Tho,Web,0
128,30,9.75,2025-11-01 02:53:11.582420,Hanoi,Web,0
129,65,16.3,2025-11-14 21:28:11.582422,HCM,Web,0
130,123,223.2,2025-11-17 19:50:11.582424,Da Nang,POS,0
131,27,15.37,2025-11-08 12:19:11.582426,Hue,Web,0
132,166,71.36,2025-11-19 05:32:11.582427,Can Tho,Mobile,0
133,107,75.94,2025-11-19 06:45:11.582429,Hue,Web,0
134,146,33.93,2025-11-15 16:06:11.582430,Da Nang,POS,0
135,79,81.4,2025-11-19 02:53:11.582432,Tokyo,Mobile,1
136,73,42.49,2025-11-02 15:20:11.582433,Da Nang,Mobile,0
137,124,27.24,2025-11-29 03:53:11.582435,Singapore,Web,1
138,116,40.47,2025-11-09 18:05:11.582437,Hue,Web,0
139,184,21.45,2025-11-24 07:30:11.582438,HCM,Web,0
140,97,1.3,2025-11-28 12:40:11.582439,Can Tho,Web,0
141,50,32.25,2025-11-15 15:26:11.582441,Da Nang,POS,0
142,53,58.8,2025-11-10 07:30:11.582442,Can Tho,Mobile,0
143,45,72.86,2025-10-31 20:34:11.582444,Da Nang,Web,0
144,199,15.66,2025-11-24 05:42:11.582445,Hue,Mobile,0
145,42,138.48,2025-11-11 18:32:11.582447,HCM,Web,0
146,20,90.74,2025-11-09 23:31:11.582448,HCM,Mobile,0
147,62,10.34,2025-10-30 23:04:11.582450,HCM,Web,0
148,167,37.08,2025-11-16 17:27:11.582452,Da Nang,Mobile,0
149,195,191.13,2025-11-14 18:54:11.582453,Can Tho,Mobile,0
150,140,53.4,2025-11-03 04:47:11.582455,Can Tho,Mobile,0
151,44,18.61,2025-11-15 18:50:11.582457,Da Nang,Web,0
152,191,4.68,2025-11-05 11:59:11.582459,Da Nang,Mobile,0
153,155,21.42,2025-11-09 12:28:11.582460,Hanoi,Mobile,0
154,193,32.15,2025-11-14 14:02:11.582462,HCM,Mobile,0
155,176,1.11,2025-11-13 20:59:11.582463,HCM,Web,0
156,31,8.46,2025-11-08 20:38:11.582464,Da Nang,Mobile,0
157,127,53.67,2025-11-01 21:39:11.582466,Hue,Web,0
158,3,7.55,2025-11-03 02:36:11.582467,Da Nang,Web,0
159,174,60.38,2025-11-25 11:10:11.582469,Hanoi,POS,0
160,179,14.51,2025-11-18 14:58:11.582470,HCM,Web,0
161,137,74.35,2025-11-15 06:58:11.582472,Can Tho,POS,0
162,93,10.82,2025-11-01 08:42:11.582473,Can Tho,POS,0
163,176,56.94,2025-11-03 19:42:11.582475,Da Nang,Mobile,0
164,105,140.3,2025-11-01 01:10:11.582477,HCM,Web,0
165,141,68.94,2025-11-07 22:54:11.582478,Hanoi,Web,0
166,18,35.8,2025-11-02 13:23:11.582480,HCM,Web,0
167,38,74.6,2025-11-16 12:10:11.582481,Can Tho,Mobile,0
168,37,98.77,2025-11-22 02:07:11.582483,Da Nang,Web,0
169,192,60.31,2025-11-15 03:14:11.582484,HCM,POS,0
170,60,11.53,2025-11-13 21:40:11.582486,Can Tho,Web,0
171,101,12.23,2025-11-12 08:10:11.582488,Hanoi,POS,0
172,60,11.72,2025-11-05 08:52:11.582489,Hue,POS,0
173,81,37.76,2025-11-04 21:01:11.582491,Hanoi,Mobile,0
174,73,39.48,2025-11-21 17:35:11.582493,Hue,POS,0
175,7,81.49,2025-11-11 08:00:11.582495,HCM,Web,0
176,65,36.56,2025-11-12 15:04:11.582496,HCM,Mobile,0
177,87,2.53,2025-11-18 22:31:11.582498,Hanoi,POS,0
178,93,21.05,2025-11-13 04:07:11.582499,HCM,Web,0
179,36,2.81,2025-11-01 12:03:11.582501,Hue,POS,0
180,128,32.04,2025-11-18 09:29:11.582502,Can Tho,Mobile,0
181,200,32.65,2025-11-13 02:30:11.582504,HCM,Mobile,0
182,196,89.61,2025-11-09 05:14:11.582523,Hanoi,Web,0
183,62,9.18,2025-11-12 14:23:11.582524,HCM,Web,0
184,17,116.63,2025-11-27 07:54:11.582526,Da Nang,Web,0
185,195,69.27,2025-11-18 08:34:11.582527,Can Tho,POS,0
186,89,22.77,2025-11-27 16:18:11.582529,HCM,Mobile,0
187,100,30.71,2025-11-02 00:24:11.582530,Hanoi,POS,0
188,184,26.46,2025-11-15 16:05:11.582532,HCM,Web,0
189,97,68.39,2025-11-02 08:56:11.582533,Can Tho,Mobile,0
190,173,7.17,2025-11-14 09:44:11.582535,Can Tho,POS,0
191,150,22.79,2025-11-18 22:21:11.582536,HCM,Web,0
192,103,2.45,2025-11-09 08:29:11.582538,HCM,POS,0
193,154,140.88,2025-11-07 11:07:11.582539,HCM,POS,0
194,153,637.8499999999999,2025-10-31 04:23:11.582541,Tokyo,POS,1
195,48,34.5,2025-11-11 18:56:11.582542,HCM,POS,0
196,33,114.51,2025-11-20 00:31:11.582544,HCM,Web,0
197,154,1.26,2025-11-10 08:44:11.582546,Hanoi,Mobile,0
198,45,181.57,2025-11-15 23:08:11.582547,Hanoi,Mobile,0
199,41,1291.22,2025-11-02 21:00:11.582549,New York,POS,1
200,155,93.23,2025-11-07 07:30:11.582550,Hue,Web,0
201,144,32.94,2025-11-28 09:28:11.582552,Da Nang,Mobile,0
202,150,191.14,2025-10-31 02:23:11.582554,Hanoi,POS,0
203,74,40.28,2025-11-22 07:49:11.582556,Hanoi,POS,0
204,9,134.35,2025-11-23 05:46:11.582557,Can Tho,Web,0
205,102,69.22,2025-11-16 05:00:11.582559,Hanoi,Web,0
206,49,53.96,2025-11-01 09:25:11.582560,Hue,Mobile,0
207,4,19.29,2025-11-16 16:57:11.582561,HCM,Mobile,0
208,161,29.95,2025-10-31 17:57:11.582563,Hue,POS,0
209,178,18.49,2025-11-20 07:05:11.582564,Hue,POS,0
210,46,11.84,2025-11-04 13:29:11.582566,Da Nang,Mobile,0
211,31,38.4,2025-11-08 02:51:11.582567,Hue,POS,0
212,36,30.13,2025-11-06 08:10:11.582569,Hanoi,POS,0
213,125,16.1,2025-11-15 18:59:11.582570,Can Tho,POS,0
214,200,15.56,2025-11-22 05:53:11.582572,Hanoi,Mobile,0
215,193,95.4,2025-11-19 13:11:11.582573,Can Tho,Web,0
216,52,35.54,2025-10-31 03:32:11.582575,Can Tho,POS,0
217,133,2.87,2025-11-18 14:03:11.582577,Can Tho,Mobile,0
218,74,64.3,2025-11-01 00:30:11.582579,Hanoi,Web,0
219,149,22.7,2025-11-29 08:26:11.582580,Da Nang,POS,0
220,124,99.52,2025-11-09 10:06:11.582582,Can Tho,Mobile,0
221,108,10.06,2025-11-02 19:32:11.582584,Da Nang,Web,0
222,200,143.0,2025-11-14 01:36:11.582585,Can Tho,Mobile,0
223,102,33.44,2025-11-16 12:42:11.582587,HCM,POS,0
224,164,99.82,2025-11-16 12:52:11.582588,Da Nang,Mobile,0
225,164,167.89,2025-11-24 01:18:11.582590,Hanoi,POS,0
226,185,20.07,2025-11-12 10:41:11.582591,Hue,Mobile,0
227,45,8.09,2025-11-06 16:20:11.582593,Hue,POS,0
228,149,107.34,2025-11-08 14:27:11.582594,Da Nang,Web,0
229,169,1.43,2025-11-12 01:05:11.582596,HCM,Mobile,0
230,37,660.0,2025-11-09 23:21:11.582597,Singapore,Web,1
231,168,255.99,2025-11-13 02:26:11.582599,Tokyo,POS,1
232,93,89.28,2025-11-27 09:30:11.582600,Hue,Mobile,0
233,149,57.76,2025-11-26 13:56:11.582602,Hue,Web,0
234,114,77.6,2025-11-17 00:29:11.582604,Can Tho,Web,0
235,197,105.87,2025-11-05 11:35:11.582605,Da Nang,POS,0
236,84,193.3,2025-11-05 12:23:11.582607,Hanoi,Mobile,0
237,100,35.38,2025-11-17 04:56:11.582608,HCM,POS,0
238,170,126.77,2025-11-01 20:18:11.582617,HCM,Web,0
239,54,138.1,2025-11-04 04:40:11.582619,HCM,POS,0
240,105,29.35,2025-11-11 16:12:11.582620,Da Nang,Mobile,0
241,115,13.09,2025-11-27 22:01:11.582622,HCM,Mobile,0
242,127,28.85,2025-11-23 06:16:11.582623,Da Nang,POS,0
243,38,13.56,2025-11-11 10:01:11.582625,Hanoi,POS,0
244,18,69.36,2025-11-09 11:35:11.582626,Hanoi,Web,0
245,137,14.91,2025-11-14 00:21:11.582628,Da Nang,Mobile,0
246,119,1.99,2025-11-02 09:03:11.582629,Can Tho,Web,0
247,90,296.84999999999997,2025-11-01 00:31:11.582631,New York,Mobile,1
248,200,11.2,2025-11-10 18:08:11.582632,Da Nang,POS,0
249,107,150.74,2025-11-09 21:43:11.582634,HCM,Web,0
250,102,38.43,2025-11-25 17:43:11.582635,HCM,Mobile,0
251,52,16.98,2025-11-02 09:38:11.582636,Hanoi,Mobile,0
252,165,10.79,2025-11-15 13:09:11.582638,Da Nang,POS,0
253,181,92.47,2025-11-24 02:38:11.582639,HCM,Web,0
254,196,78.91,2025-11-02 21:35:11.582641,Da Nang,Web,0
255,109,33.8,2025-11-20 01:42:11.582643,Hue,Web,0
256,83,28.72,2025-11-09 15:24:11.582644,Hue,POS,0
257,4,282.88,2025-11-18 06:19:11.582646,Singapore,POS,1
258,27,47.32,2025-11-08 17:16:11.582647,Da Nang,Mobile,0
259,131,111.42,2025-11-02 07:00:11.582649,Hanoi,Mobile,0
260,177,51.62,2025-11-13 05:07:11.582650,Hanoi,Mobile,0
261,29,37.76,2025-11-07 12:32:11.582652,Hue,Web,0
262,7,6.59,2025-11-24 11:38:11.582653,Can Tho,Mobile,0
263,103,44.31,2025-10-31 14:57:11.582655,Can Tho,POS,0
264,15,10.23,2025-11-03 08:46:11.582657,HCM,Web,0
265,146,76.76,2025-11-29 06:06:11.582658,Da Nang,POS,0
266,67,44.93,2025-11-01 11:26:11.582660,Hue,Mobile,0
267,26,19.32,2025-11-28 10:04:11.582661,HCM,POS,0
268,66,9.78,2025-11-15 04:57:11.582665,Hue,Web,0
269,103,92.21,2025-11-20 12:34:11.582667,Da Nang,Web,0
270,150,17.29,2025-11-08 18:51:11.582669,Hue,Mobile,0
271,5,3.81,2025-11-14 23:18:11.582670,Hue,Mobile,0
272,54,3.0,2025-11-11 17:25:11.582671,Hue,Mobile,0
273,122,211.2,2025-11-27 22:32:11.582673,Tokyo,POS,1
274,200,37.08,2025-10-30 16:01:11.582674,HCM,Web,0
275,10,5.48,2025-11-17 11:22:11.582676,HCM,Mobile,0
276,25,39.53,2025-11-18 01:56:11.582677,Hue,Web,0
277,69,92.45,2025-11-13 15:08:11.582679,Hanoi,Mobile,0
278,79,178.76,2025-11-03 22:26:11.582680,Hanoi,POS,0
279,30,16.19,2025-11-27 05:49:11.582682,Hanoi,POS,0
280,69,175.54,2025-11-04 14:02:11.582684,Can Tho,Mobile,0
281,61,4.94,2025-11-10 14:44:11.582685,Can Tho,Web,0
282,47,183.79,2025-11-26 18:53:11.582687,Hanoi,Web,0
283,48,103.77,2025-11-24 17:24:11.582688,Hanoi,POS,0
284,101,20.25,2025-11-16 13:16:11.582690,Da Nang,Web,0
285,85,7.1,2025-11-13 09:00:11.582691,Da Nang,Web,0
286,73,122.4,2025-11-16 12:03:11.582693,Hue,POS,0
287,191,3.81,2025-11-29 05:33:11.582695,HCM,POS,0
288,147,68.82,2025-11-19 01:51:11.582697,HCM,Web,0
289,158,73.95,2025-11-27 15:09:11.582698,Da Nang,POS,0
290,159,71.53,2025-11-09 19:51:11.582700,Hanoi,Web,0
291,121,44.01,2025-11-09 21:54:11.582701,Hue,POS,0
292,32,9.16,2025-11-28 03:39:11.582703,Hanoi,POS,0
293,15,63.86,2025-11-22 03:02:11.582704,Hue,Web,0
294,168,5.1,2025-11-18 05:26:11.582706,Hue,Web,0
295,38,5.83,2025-11-17 07:22:11.582707,HCM,POS,0
296,101,135.41,2025-11-17 20:57:11.582709,Hanoi,POS,0
297,40,14.52,2025-11-22 17:43:11.582710,Da Nang,POS,0
298,26,36.99,2025-11-11 19:22:11.582712,Da Nang,POS,0
299,51,11.52,2025-11-25 06:18:11.582713,Da Nang,POS,0
300,91,10.59,2025-11-21 14:15:11.582715,Da Nang,POS,0
301,130,20.55,2025-11-08 18:24:11.582716,Da Nang,Mobile,0
302,179,3.73,2025-11-26 19:37:11.582717,Hanoi,Mobile,0
303,22,1.85,2025-11-07 14:34:11.582719,HCM,Mobile,0
304,103,1.56,2025-11-19 17:56:11.582720,Da Nang,POS,0
305,197,12.28,2025-11-19 00:45:11.582722,Hanoi,Mobile,0
306,131,55.91,2025-11-08 15:22:11.582723,Hue,Web,0
307,173,30.81,2025-11-05 20:21:11.582725,HCM,POS,0
308,130,0.18,2025-11-13 15:11:11.582726,Hue,Mobile,0
309,126,108.34,2025-11-22 13:50:11.582728,Da Nang,POS,0
310,34,9.62,2025-11-26 04:21:11.582730,Can Tho,Mobile,0
311,132,72.61,2025-11-11 23:34:11.582732,Can Tho,Web,0
312,66,26.7,2025-11-05 22:05:11.582733,Da Nang,POS,0
313,188,20.91,2025-11-18 15:53:11.582735,Can Tho,Mobile,0
314,118,32.1,2025-11-07 13:50:11.582736,Can Tho,Mobile,0
315,117,9.99,2025-11-20 09:28:11.582738,Hue,Web,0
316,9,38.6,2025-11-03 07:09:11.582739,Hue,Mobile,0
317,114,5.61,2025-11-28 08:34:11.582741,Hanoi,POS,0
318,137,108.11,2025-11-07 00:33:11.582742,Hue,POS,0
319,114,60.93,2025-11-21 08:48:11.582744,Hue,POS,0
320,10,652.5,2025-11-06 08:21:11.582745,Tokyo,POS,1
321,103,45.64,2025-11-04 08:47:11.582747,Da Nang,POS,0
322,124,93.1,2025-10-30 21:38:11.582749,Da Nang,Web,0
323,164,7.44,2025-11-22 04:54:11.582750,Da Nang,Mobile,0
324,7,50.96,2025-11-14 22:44:11.582753,Can Tho,Web,0
325,103,361.7,2025-11-22 03:40:11.582756,Can Tho,POS,0
326,161,40.97,2025-11-12 18:25:11.582759,Hanoi,Mobile,0
327,181,2.1,2025-11-22 19:55:11.582761,Hue,Web,0
328,142,65.47,2025-11-27 04:12:11.582764,Can Tho,Mobile,0
329,85,130.75,2025-11-09 00:25:11.582766,Da Nang,Mobile,0
330,141,10.6,2025-11-10 18:16:11.582769,Can Tho,Web,0
331,8,88.05,2025-11-08 02:35:11.582771,HCM,POS,0
332,10,27.4,2025-11-10 06:05:11.582774,Da Nang,POS,0
333,197,7.83,2025-10-31 23:56:11.582776,Can Tho,Web,0
334,51,62.36,2025-11-19 10:52:11.582779,Hanoi,Web,0
335,95,52.81,2025-11-04 15:33:11.582781,HCM,Web,0
336,74,67.91,2025-11-10 10:08:11.582784,HCM,Web,0
337,32,22.51,2025-11-02 02:48:11.582786,Da Nang,Web,0
338,48,37.5,2025-11-19 06:40:11.582790,Can Tho,POS,0
339,81,12.89,2025-11-04 09:53:11.582793,Da Nang,POS,0
340,197,0.78,2025-11-07 10:25:11.582797,Hanoi,Web,0
341,10,174.47,2025-11-04 21:09:11.582798,Can Tho,Mobile,0
342,17,51.64,2025-11-24 19:25:11.582800,Da Nang,Web,0
343,157,11.6,2025-11-03 03:58:11.582801,HCM,POS,0
344,4,47.84,2025-11-09 14:00:11.582803,Hanoi,POS,0
345,71,353.52,2025-11-22 20:39:11.582804,Singapore,POS,1
346,190,37.12,2025-11-03 21:59:11.582806,Hue,Mobile,0
347,143,8.41,2025-11-10 22:55:11.582807,Can Tho,Mobile,0
348,161,74.75,2025-11-24 18:01:11.582809,HCM,Web,0
349,73,129.41,2025-11-21 21:21:11.582810,Hanoi,POS,0
350,157,36.81,2025-11-20 07:36:11.582812,Hanoi,Web,0
351,193,24.24,2025-11-08 21:17:11.582814,Hue,POS,0
352,12,62.63,2025-11-15 05:39:11.582816,Hanoi,Mobile,0
353,184,61.67,2025-11-24 19:13:11.582820,Hanoi,Mobile,0
354,94,29.35,2025-11-25 12:18:11.582828,Hue,POS,0
355,65,173.38,2025-11-12 14:56:11.582830,Can Tho,Mobile,0
356,75,0.93,2025-11-04 16:28:11.582831,Da Nang,Mobile,0
357,150,20.8,2025-11-05 11:55:11.582833,Da Nang,Mobile,0
358,94,220.87,2025-11-27 03:22:11.582834,Hanoi,Mobile,0
359,85,121.28,2025-11-23 09:24:11.582836,New York,POS,1
360,51,4.82,2025-11-19 05:18:11.582838,Da Nang,Mobile,0
361,22,9.37,2025-11-18 14:03:11.582839,Hue,POS,0
362,65,55.56,2025-11-03 13:33:11.582841,Singapore,POS,1
363,43,4.21,2025-11-02 12:41:11.582842,Hanoi,Web,0
364,32,48.0,2025-11-04 13:22:11.582844,Tokyo,POS,1
365,5,10.36,2025-11-20 15:10:11.582846,HCM,Mobile,0
366,184,2.27,2025-11-13 13:16:11.582847,Can Tho,POS,0
367,67,339.17,2025-11-07 20:10:11.582849,Da Nang,POS,0
368,34,27.94,2025-11-24 05:21:11.582850,HCM,POS,0
369,147,80.89,2025-11-18 14:21:11.582852,Hue,Web,0
370,23,62.13,2025-11-19 09:07:11.582854,Hanoi,Mobile,0
371,143,115.73,2025-11-01 17:34:11.582855,Can Tho,Web,0
372,34,28.02,2025-11-01 11:48:11.582857,Hue,Web,0
373,15,38.09,2025-11-06 16:41:11.582858,Da Nang,Mobile,0
374,146,0.22,2025-11-25 14:21:11.582860,HCM,Web,0
375,69,478.26,2025-11-25 11:29:11.582861,New York,Web,1
376,62,191.52,2025-11-03 04:02:11.582863,Hanoi,Mobile,0
377,56,16.36,2025-11-28 09:41:11.582865,HCM,Mobile,0
378,156,27.02,2025-11-28 00:48:11.582866,Hanoi,POS,0
379,181,7.83,2025-11-23 22:08:11.582868,Hanoi,Web,0
380,124,43.8,2025-11-08 11:42:11.582869,Da Nang,Web,0
381,61,4.41,2025-11-14 14:23:11.582871,HCM,POS,0
382,96,50.93,2025-11-14 06:47:11.582873,Hue,Web,0
383,176,5.04,2025-11-04 14:34:11.582874,Hanoi,POS,0
384,82,22.15,2025-11-12 20:33:11.582876,Da Nang,Mobile,0
385,20,3.25,2025-11-27 12:33:11.582877,HCM,Mobile,0
386,182,133.81,2025-11-14 13:45:11.582879,Can Tho,Mobile,0
387,73,15.67,2025-11-16 21:25:11.582881,Da Nang,Mobile,0
388,51,11.04,2025-11-08 13:52:11.582882,Hanoi,Mobile,0
389,64,62.73,2025-11-26 11:55:11.582884,Hue,POS,0
390,183,71.83,2025-11-05 21:17:11.582885,Da Nang,POS,0
391,152,69.03,2025-11-14 14:23:11.582887,Hanoi,Web,0
392,197,3.95,2025-11-10 04:06:11.582889,HCM,Mobile,0
393,3,2.76,2025-11-13 19:11:11.582890,Hue,Web,0
394,149,49.32,2025-11-26 23:00:11.582892,Can Tho,Web,0
395,200,31.27,2025-11-01 07:48:11.582894,Can Tho,POS,0
396,186,12.09,2025-11-03 21:16:11.582896,Can Tho,Mobile,0
397,82,55.42,2025-11-22 07:44:11.582897,HCM,Web,0
398,35,36.43,2025-11-28 10:13:11.582899,HCM,Web,0
399,48,17.18,2025-11-24 23:03:11.582901,HCM,POS,0
400,7,2.3,2025-11-22 09:07:11.582902,Hanoi,POS,0
401,147,39.56,2025-11-01 14:52:11.582904,Can Tho,Mobile,0
402,181,9.04,2025-11-04 05:44:11.582907,Hanoi,Mobile,0
403,103,20.02,2025-11-13 01:16:11.582909,Hue,Mobile,0
404,125,26.43,2025-11-21 14:53:11.582911,Can Tho,Mobile,0
405,161,8.99,2025-11-28 02:10:11.582912,HCM,Mobile,0
406,194,28.89,2025-11-18 03:37:11.582914,Hanoi,POS,0
407,20,47.18,2025-11-09 17:51:11.582915,Hue,Mobile,0
408,30,208.51,2025-11-01 01:59:11.582917,Can Tho,Mobile,0
409,163,18.19,2025-11-08 09:10:11.582919,Can Tho,POS,0
410,9,55.87,2025-11-01 17:12:11.582920,Da Nang,Web,0
411,11,9.93,2025-11-14 23:16:11.582922,Da Nang,Web,0
412,162,15.96,2025-11-10 01:17:11.582923,Da Nang,Web,0
413,58,125.58,2025-11-06 15:06:11.582925,Singapore,Mobile,1
414,76,30.14,2025-11-17 15:23:11.582927,HCM,Web,0
415,113,13.77,2025-11-12 15:54:11.582928,HCM,Mobile,0
416,198,34.06,2025-11-17 17:39:11.582930,Hanoi,POS,0
417,16,7.12,2025-11-18 11:03:11.582931,HCM,POS,0
418,11,15.61,2025-11-10 15:48:11.582933,Hue,POS,0
419,42,148.82,2025-11-13 10:04:11.582934,Hanoi,POS,0
420,27,4.47,2025-11-14 04:50:11.582936,Hue,Mobile,0
421,122,106.41,2025-11-23 08:43:11.582938,New York,Mobile,1
422,184,176.71,2025-11-01 03:31:11.582939,Hanoi,Mobile,0
423,58,60.56,2025-11-28 03:37:11.582941,Hanoi,POS,0
424,85,10.24,2025-11-14 03:22:11.582942,HCM,Mobile,0
425,161,38.3,2025-11-09 18:49:11.582944,Hanoi,Mobile,0
426,134,11.93,2025-11-09 20:14:11.582946,Hue,POS,0
427,110,4.53,2025-11-24 21:47:11.582947,HCM,POS,0
428,118,4.29,2025-11-23 23:13:11.582949,HCM,POS,0
429,107,3.12,2025-11-04 18:18:11.582950,Can Tho,Web,0
430,177,57.77,2025-11-11 10:47:11.582952,Hanoi,Web,0
431,91,378.73,2025-11-18 01:01:11.582953,Da Nang,Web,0
432,31,194.03,2025-11-04 23:52:11.582955,Hue,Web,0
433,78,52.13,2025-11-10 08:48:11.582956,Hanoi,Mobile,0
434,153,21.22,2025-11-21 06:18:11.582958,Hanoi,Web,0
435,84,97.13,2025-11-03 11:18:11.582960,Hue,Web,0
436,97,9.71,2025-11-12 19:36:11.582961,Can Tho,POS,0
437,90,19.69,2025-11-13 09:31:11.582963,Hanoi,Web,0
438,128,11.2,2025-11-11 05:30:11.582968,Hanoi,Web,0
439,83,75.79,2025-11-23 15:39:11.582969,Hanoi,Web,0
440,113,41.13,2025-11-11 12:55:11.582971,Can Tho,Mobile,0
441,192,30.61,2025-11-03 21:48:11.582972,HCM,Web,0
442,43,25.26,2025-11-01 09:15:11.582974,Hue,Web,0
443,58,7.63,2025-11-07 17:28:11.582976,HCM,Mobile,0
444,69,13.05,2025-11-05 20:59:11.582977,Hanoi,Web,0
445,89,26.06,2025-10-31 14:53:11.582979,HCM,Web,0
446,143,11.9,2025-11-01 04:27:11.582980,Da Nang,Web,0
447,178,15.86,2025-11-21 05:50:11.582982,Hanoi,Web,0
448,196,54.91,2025-11-12 17:16:11.582983,Da Nang,Mobile,0
449,92,38.98,2025-11-22 03:08:11.582985,Da Nang,POS,0
450,83,7.99,2025-11-19 10:06:11.582987,Can Tho,POS,0
451,152,52.06,2025-11-28 17:41:11.582988,Can Tho,Web,0
452,69,252.8,2025-11-09 17:18:11.582990,Da Nang,Web,0
453,15,72.62,2025-11-05 11:13:11.582991,Hue,Web,0
454,145,23.78,2025-11-27 22:25:11.582993,Hue,Mobile,0
455,44,7.56,2025-11-24 22:38:11.582995,HCM,POS,0
456,11,41.96,2025-11-06 21:08:11.582996,HCM,Mobile,0
457,52,11.93,2025-11-23 21:32:11.582998,Hue,POS,0
458,27,89.91,2025-11-28 23:59:11.583001,Hanoi,Web,0
459,119,51.44,2025-11-24 15:01:11.583003,HCM,Mobile,0
460,153,219.28,2025-11-15 17:52:11.583004,Da Nang,POS,0
461,6,9.34,2025-11-09 13:50:11.583006,Hue,POS,0
462,48,103.92,2025-11-12 05:13:11.583007,Can Tho,Web,0
463,197,12.82,2025-11-26 18:57:11.583009,Can Tho,Mobile,0
464,88,5.49,2025-11-18 15:44:11.583010,Da Nang,Mobile,0
465,87,12.64,2025-11-26 08:04:11.583012,Can Tho,Mobile,0
466,200,83.25,2025-11-04 23:24:11.583014,Can Tho,Web,0
467,24,218.62,2025-11-04 03:10:11.583015,Da Nang,POS,0
468,73,17.83,2025-11-23 23:54:11.583017,Hanoi,Mobile,0
469,84,77.99,2025-11-27 04:25:11.583018,Can Tho,POS,0
470,183,21.35,2025-11-06 15:46:11.583020,HCM,Web,0
471,106,373.08,2025-11-03 08:20:11.583022,Singapore,Mobile,1
472,27,159.04,2025-11-28 02:09:11.583023,Singapore,POS,1
473,177,31.68,2025-11-10 22:55:11.583025,HCM,POS,0
474,21,1.19,2025-11-12 03:16:11.583026,Hanoi,Web,0
475,13,54.19,2025-11-03 18:42:11.583028,Da Nang,Mobile,0
476,6,40.7,2025-11-03 23:37:11.583030,Da Nang,POS,0
477,67,18.18,2025-11-04 03:19:11.583031,Hue,POS,0
478,123,16.71,2025-11-14 16:01:11.583033,Da Nang,POS,0
479,193,74.56,2025-11-09 22:38:11.583034,Hanoi,Mobile,0
480,147,10.07,2025-11-25 18:29:11.583036,HCM,Mobile,0
481,83,96.58,2025-11-09 15:24:11.583038,Da Nang,POS,0
482,5,11.08,2025-11-11 13:37:11.583039,HCM,Web,0
483,159,28.94,2025-11-17 18:12:11.583041,Hanoi,Web,0
484,102,30.91,2025-11-21 04:08:11.583042,Da Nang,POS,0
485,48,237.43,2025-11-03 05:23:11.583044,HCM,Web,0
486,131,75.44,2025-11-16 18:19:11.583045,Da Nang,Web,0
487,87,34.98,2025-11-14 22:39:11.583047,Hanoi,POS,0
488,27,17.6,2025-11-18 18:16:11.583048,Hue,Mobile,0
489,191,18.93,2025-11-26 07:34:11.583050,Hue,POS,0
490,160,9.67,2025-11-13 19:11:11.583052,Hanoi,POS,0
491,88,400.89000000000004,2025-11-01 21:52:11.583053,New York,Mobile,1
492,192,611.75,2025-11-04 11:26:11.583055,Tokyo,POS,1
493,30,33.03,2025-11-17 09:00:11.583056,Hue,Web,0
494,170,57.17,2025-11-27 02:34:11.583058,HCM,Mobile,0
495,141,10.86,2025-11-26 00:32:11.583060,HCM,POS,0
496,114,246.78000000000003,2025-11-03 23:18:11.583061,New York,Mobile,1
497,72,31.28,2025-11-14 04:49:11.583063,Can Tho,Mobile,0
498,192,57.65,2025-11-06 03:46:11.583064,Hue,Web,0
499,34,62.37,2025-11-07 05:21:11.583066,Can Tho,Web,0
500,120,60.45,2025-11-27 18:12:11.583068,HCM,Web,0
501,96,39.12,2025-10-31 18:38:11.583069,Hue,Mobile,0
502,122,7.27,2025-11-18 04:41:11.583071,Hue,Web,0
503,108,3.77,2025-11-21 00:31:11.583072,Hanoi,POS,0
504,62,21.42,2025-10-30 14:39:11.583074,HCM,POS,0
505,48,24.17,2025-11-07 11:39:11.583076,Hanoi,POS,0
506,110,89.12,2025-11-20 17:15:11.583077,Da Nang,POS,0
507,189,13.47,2025-11-14 09:26:11.583079,Can Tho,POS,0
508,71,99.03,2025-11-22 05:55:11.583080,Hue,Mobile,0
509,29,94.08,2025-11-03 09:54:11.583082,Hue,Mobile,0
510,82,23.99,2025-11-07 01:01:11.583084,Hanoi,POS,0
511,127,13.21,2025-10-31 03:13:11.583085,Hanoi,POS,0
512,93,27.72,2025-11-21 07:39:11.583087,Hanoi,POS,0
513,18,15.52,2025-11-27 22:28:11.583089,Hue,POS,0
514,187,36.22,2025-11-26 14:07:11.583090,Da Nang,POS,0
515,140,37.29,2025-11-07 12:30:11.583092,HCM,Web,0
516,4,181.8,2025-11-05 20:55:11.583094,Hanoi,Mobile,0
517,116,11.61,2025-11-15 19:22:11.583096,HCM,Mobile,0
518,99,48.73,2025-11-04 03:38:11.583097,Da Nang,Web,0
519,64,117.48,2025-11-18 12:00:11.583099,Hue,Mobile,0
520,109,27.5,2025-11-06 16:05:11.583102,HCM,POS,0
521,57,0.37,2025-11-12 06:02:11.583104,HCM,POS,0
522,133,37.48,2025-11-06 06:09:11.583105,Da Nang,Mobile,0
523,28,63.29,2025-11-04 09:02:11.583107,Hanoi,Mobile,0
524,85,63.45,2025-11-10 18:27:11.583111,HCM,Web,0
525,92,13.98,2025-10-31 07:07:11.583112,Hue,POS,0
526,194,15.82,2025-11-07 10:10:11.583114,Hanoi,POS,0
527,155,102.95,2025-11-15 06:26:11.583115,Can Tho,POS,0
528,132,34.94,2025-11-07 15:16:11.583117,Hanoi,POS,0
529,117,0.3,2025-11-24 04:27:11.583118,Hanoi,POS,0
530,143,90.39,2025-10-30 21:42:11.583120,Da Nang,POS,0
531,158,89.08,2025-11-28 02:47:11.583121,Hue,Mobile,0
532,182,103.0,2025-11-19 14:45:11.583123,Da Nang,Web,0
533,99,81.71,2025-11-15 12:59:11.583125,Hanoi,Mobile,0
534,84,7.54,2025-11-08 15:42:11.583126,Hue,POS,0
535,10,53.27,2025-11-29 02:02:11.583128,HCM,Web,0
536,169,32.08,2025-11-19 15:28:11.583129,Singapore,POS,1
537,11,28.69,2025-11-19 23:05:11.583131,Hue,Mobile,0
538,104,16.42,2025-11-03 00:48:11.583133,Hanoi,Mobile,0
539,74,70.59,2025-11-05 22:05:11.583134,HCM,Web,0
540,186,10.61,2025-11-01 03:32:11.583136,Can Tho,Web,0
541,2,36.36,2025-11-17 22:55:11.583137,Da Nang,Mobile,0
542,137,57.66,2025-11-27 02:01:11.583139,Hue,Mobile,0
543,126,49.2,2025-11-27 12:36:11.583140,Can Tho,Web,0
544,100,47.03,2025-11-23 07:04:11.583142,Can Tho,Mobile,0
545,5,12.59,2025-11-08 23:54:11.583143,HCM,POS,0
546,103,92.22,2025-11-18 18:05:11.583145,Hue,POS,0
547,176,142.18,2025-11-25 08:43:11.583147,HCM,Mobile,0
548,73,120.1,2025-11-05 08:35:11.583148,Can Tho,Mobile,0
549,99,40.53,2025-11-07 01:01:11.583150,Hue,Web,0
550,130,379.35,2025-11-13 20:22:11.583151,Singapore,Web,1
551,4,5.4,2025-11-24 19:13:11.583153,Hue,POS,0
552,179,24.29,2025-11-07 23:32:11.583155,Can Tho,Web,0
553,13,25.15,2025-11-03 17:20:11.583156,Da Nang,POS,0
554,95,0.8,2025-11-03 01:55:11.583158,Da Nang,Web,0
555,163,68.04,2025-11-07 12:50:11.583159,Hanoi,Web,0
556,51,24.79,2025-10-31 03:42:11.583161,Hue,POS,0
557,146,84.23,2025-11-24 20:22:11.583162,HCM,POS,0
558,126,7.23,2025-11-19 17:18:11.583164,Hanoi,Web,0
559,83,22.97,2025-11-16 20:34:11.583166,Can Tho,Mobile,0
560,50,107.05,2025-11-27 03:15:11.583168,Hanoi,Web,0
561,29,5.75,2025-11-29 04:58:11.583170,HCM,Web,0
562,163,16.61,2025-11-24 21:29:11.583172,Hanoi,POS,0
563,100,27.56,2025-11-26 20:39:11.583173,Hue,POS,0
564,165,19.12,2025-11-27 19:14:11.583175,Da Nang,POS,0
565,60,33.4,2025-11-09 14:48:11.583176,Singapore,Mobile,1
566,134,16.1,2025-11-27 14:37:11.583178,HCM,Mobile,0
567,142,71.79,2025-10-30 22:48:11.583180,Can Tho,POS,0
568,113,110.82,2025-11-03 05:34:11.583181,HCM,Mobile,0
569,178,110.66,2025-11-27 09:08:11.583183,Hanoi,Mobile,0
570,28,11.34,2025-11-04 08:51:11.583184,Da Nang,POS,0
571,148,26.3,2025-11-25 15:10:11.583186,Can Tho,Web,0
572,150,111.62,2025-11-13 02:38:11.583187,HCM,POS,0
573,126,7.32,2025-11-25 18:00:11.583189,Hanoi,Mobile,0
574,171,55.37,2025-11-26 12:12:11.583191,Hue,POS,0
575,180,0.0,2025-11-07 21:10:11.583192,Da Nang,Web,0
576,133,304.74,2025-11-09 14:15:11.583194,Singapore,Mobile,1
577,176,35.93,2025-11-16 02:40:11.583195,Hue,Web,0
578,85,32.6,2025-11-02 03:55:11.583197,Can Tho,Mobile,0
579,6,490.75,2025-11-22 20:53:11.583198,Singapore,POS,1
580,115,110.81,2025-11-05 08:53:11.583200,Da Nang,POS,0
581,127,70.48,2025-11-05 19:51:11.583202,Hue,POS,0
582,62,80.06,2025-11-04 19:09:11.583203,HCM,Web,0
583,104,27.38,2025-11-07 12:04:11.583205,Hue,Web,0
584,24,40.21,2025-11-12 13:16:11.583206,HCM,Web,0
585,33,17.51,2025-11-12 17:03:11.583208,HCM,POS,0
586,14,25.41,2025-11-08 11:43:11.583210,Can Tho,Web,0
587,116,74.08,2025-11-22 02:26:11.583211,Hue,Web,0
588,173,157.4,2025-11-27 12:23:11.583213,HCM,Web,0
589,135,23.47,2025-11-23 22:22:11.583214,Da Nang,Web,0
590,123,9.63,2025-11-12 20:28:11.583216,Can Tho,Web,0
591,197,9.08,2025-11-23 10:56:11.583217,Hue,Mobile,0
592,122,29.89,2025-11-12 08:59:11.583219,Can Tho,POS,0
593,142,92.5,2025-11-27 10:36:11.583220,HCM,POS,0
594,80,94.49,2025-11-14 02:26:11.583227,HCM,POS,0
595,151,60.93,2025-11-01 11:40:11.583228,Hanoi,Web,0
596,58,31.5,2025-11-22 13:33:11.583230,Hue,Mobile,0
597,80,99.69,2025-11-23 16:28:11.583231,Can Tho,POS,0
598,59,46.71,2025-11-12 10:27:11.583233,Hue,POS,0
599,172,24.48,2025-11-24 19:34:11.583234,HCM,Web,0
600,167,30.95,2025-11-02 00:02:11.583235,Can Tho,POS,0
601,169,10.56,2025-11-03 16:05:11.583237,Hue,Mobile,0
602,96,5.05,2025-11-23 14:46:11.583238,Can Tho,POS,0
603,169,30.63,2025-11-24 22:57:11.583240,Hue,Web,0
604,75,72.7,2025-11-17 12:41:11.583241,HCM,Web,0
605,150,48.75,2025-11-18 08:25:11.583243,HCM,POS,0
606,75,221.42,2025-11-23 05:45:11.583244,Can Tho,Mobile,0
607,118,8.25,2025-11-22 20:38:11.583245,Da Nang,Mobile,0
608,151,60.23,2025-11-20 22:41:11.583248,Hanoi,POS,0
609,88,10.27,2025-11-27 18:17:11.583253,Can Tho,Mobile,0
610,167,24.06,2025-11-09 12:27:11.583256,HCM,Mobile,0
611,47,179.9,2025-11-16 15:25:11.583258,Can Tho,Mobile,0
612,150,58.870000000000005,2025-11-20 23:18:11.583261,New York,POS,1
613,99,95.65,2025-11-25 00:58:11.583263,HCM,POS,0
614,118,107.71,2025-11-26 10:27:11.583266,HCM,POS,0
615,180,67.99,2025-11-09 02:33:11.583269,HCM,Web,0
616,62,13.98,2025-11-28 02:37:11.583271,Hanoi,Mobile,0
617,54,17.32,2025-11-11 07:33:11.583274,Da Nang,POS,0
618,62,116.83,2025-10-31 18:45:11.583277,Hanoi,POS,0
619,4,87.09,2025-11-11 15:22:11.583279,Can Tho,Mobile,0
620,112,18.88,2025-11-25 04:22:11.583283,HCM,POS,0
621,36,25.4,2025-11-10 12:01:11.583284,Hanoi,POS,0
622,158,2.4,2025-11-10 02:02:11.583285,Hue,Mobile,0
623,35,30.87,2025-11-16 03:03:11.583287,HCM,Web,0
624,10,214.53,2025-11-13 01:37:11.583288,Hanoi,POS,0
625,123,4.52,2025-11-25 07:19:11.583290,Hanoi,Web,0
626,129,134.08,2025-11-03 01:11:11.583291,Da Nang,Web,0
627,110,10.96,2025-11-18 23:48:11.583293,Hue,Mobile,0
628,95,52.53,2025-11-28 17:09:11.583295,HCM,Mobile,0
629,42,32.32,2025-11-16 07:28:11.583296,Hanoi,POS,0
630,45,34.69,2025-11-03 15:54:11.583298,Hanoi,Web,0
631,163,54.88,2025-11-06 08:00:11.583299,Hanoi,POS,0
632,62,28.69,2025-11-15 20:05:11.583300,Da Nang,POS,0
633,164,83.36,2025-10-31 06:51:11.583302,Da Nang,Mobile,0
634,9,13.16,2025-11-14 19:51:11.583303,HCM,Web,0
635,168,47.97,2025-11-19 22:31:11.583305,Hue,Mobile,0
636,176,36.67,2025-11-25 11:01:11.583306,Hue,POS,0
637,99,130.87,2025-11-01 14:44:11.583308,Hue,Web,0
638,164,1.05,2025-10-30 11:40:11.583309,Hue,Web,0
639,46,10.5,2025-11-12 00:26:11.583311,Hue,POS,0
640,156,25.73,2025-11-12 03:04:11.583312,Hue,Mobile,0
641,92,56.95,2025-11-02 01:11:11.583314,Da Nang,Mobile,0
642,110,43.41,2025-11-19 08:32:11.583315,Hue,Mobile,0
643,184,17.83,2025-11-14 11:49:11.583317,Hue,Web,0
644,101,5.62,2025-11-12 02:19:11.583318,Hue,Web,0
645,114,0.74,2025-11-04 00:26:11.583320,Can Tho,POS,0
646,178,44.59,2025-11-17 13:22:11.583321,Can Tho,Web,0
647,163,108.14,2025-11-18 18:41:11.583323,HCM,POS,0
648,104,10.74,2025-11-21 18:16:11.583325,Can Tho,Web,0
649,86,63.74,2025-11-26 14:13:11.583326,Hue,POS,0
650,67,91.16,2025-11-15 11:37:11.583328,Hue,Web,0
651,152,8.66,2025-11-23 02:10:11.583329,Can Tho,Mobile,0
652,84,5.4,2025-11-23 22:46:11.583331,Singapore,Mobile,1
653,166,9.95,2025-11-02 08:09:11.583332,Hanoi,Mobile,0
654,41,17.19,2025-11-17 07:14:11.583334,HCM,Mobile,0
655,138,44.27,2025-11-16 00:06:11.583336,Da Nang,Mobile,0
656,187,48.23,2025-11-07 03:34:11.583337,Hanoi,POS,0
657,185,3.49,2025-11-17 02:09:11.583338,Hue,POS,0
658,130,12.5,2025-11-08 20:53:11.583340,Hanoi,POS,0
659,72,151.91,2025-11-22 00:42:11.583341,Hanoi,Web,0
660,186,82.22,2025-11-25 10:48:11.583343,Hanoi,Web,0
661,14,61.41,2025-11-19 01:56:11.583344,Hanoi,Mobile,0
662,36,46.03,2025-11-10 01:46:11.583346,Hanoi,POS,0
663,124,2.79,2025-11-26 10:50:11.583347,Da Nang,Mobile,0
664,180,11.66,2025-11-08 06:32:11.583349,HCM,POS,0
665,174,82.22,2025-11-07 20:43:11.583350,Da Nang,Mobile,0
666,86,23.3,2025-11-02 06:54:11.583352,Can Tho,Web,0
667,32,19.26,2025-11-23 00:35:11.583353,Hue,POS,0
668,34,43.28,2025-10-31 07:33:11.583355,Tokyo,Web,1
669,183,55.48,2025-11-02 15:58:11.583356,Can Tho,POS,0
670,182,34.18,2025-11-21 09:19:11.583358,Can Tho,Mobile,0
671,174,29.38,2025-11-06 17:48:11.583359,Da Nang,Web,0
672,144,4.88,2025-11-07 14:54:11.583360,Hue,Mobile,0
673,90,46.56,2025-10-31 21:43:11.583362,HCM,Web,0
674,96,25.56,2025-11-12 19:26:11.583364,Hue,Mobile,0
675,107,7.63,2025-11-28 13:29:11.583365,Hue,POS,0
676,156,55.75,2025-11-20 13:45:11.583366,Da Nang,Web,0
677,10,17.74,2025-11-19 07:14:11.583368,Hue,Mobile,0
678,5,173.75,2025-10-31 11:35:11.583369,Hanoi,Mobile,0
679,119,48.42,2025-11-02 20:04:11.583371,Da Nang,POS,0
680,34,36.04,2025-11-18 15:14:11.583372,Can Tho,Mobile,0
681,200,140.21,2025-11-04 18:06:11.583374,HCM,Web,0
682,148,5.84,2025-11-04 07:57:11.583375,Da Nang,Mobile,0
683,152,10.18,2025-11-28 02:39:11.583377,Hue,Mobile,0
684,120,55.41,2025-11-14 18:25:11.583379,Hanoi,Web,0
685,8,16.56,2025-11-22 18:12:11.583380,Hue,Mobile,0
686,168,18.91,2025-11-04 12:24:11.583381,Can Tho,Web,0
687,127,12.09,2025-10-31 03:24:11.583383,Hue,Web,0
688,86,17.45,2025-10-30 18:31:11.583384,Hanoi,POS,0
689,105,59.16,2025-11-23 01:06:11.583386,Hanoi,Web,0
690,112,48.76,2025-11-09 01:50:11.583387,Can Tho,POS,0
691,86,53.21,2025-11-25 21:55:11.583389,HCM,POS,0
692,20,189.73,2025-11-16 15:24:11.583390,Hanoi,Mobile,0
693,84,155.8,2025-11-02 17:14:11.583392,Hanoi,Mobile,0
694,157,134.96,2025-11-03 04:21:11.583393,HCM,POS,0
695,97,32.66,2025-11-16 04:08:11.583395,HCM,Mobile,0
696,173,8.86,2025-11-28 18:57:11.583396,Da Nang,Web,0
697,182,151.56,2025-11-23 16:35:11.583398,Hue,Web,0
698,144,26.32,2025-11-28 08:05:11.583399,HCM,Web,0
699,8,156.64,2025-11-01 19:21:11.583401,Can Tho,POS,0
700,131,9.23,2025-11-01 05:27:11.583402,Can Tho,Web,0
701,135,4.37,2025-11-27 13:39:11.583404,Hanoi,Web,0
702,168,53.41,2025-11-03 12:29:11.583405,Singapore,POS,1
703,44,52.02,2025-11-16 01:04:11.583406,HCM,Web,0
704,179,81.2,2025-11-26 20:04:11.583408,Hue,POS,0
705,56,117.16,2025-11-20 21:21:11.583409,Da Nang,Mobile,0
706,61,57.32,2025-11-07 13:04:11.583411,Hue,Web,0
707,102,5.77,2025-11-05 15:05:11.583412,HCM,Mobile,0
708,79,41.98,2025-11-14 10:48:11.583414,Hue,Mobile,0
709,83,1.45,2025-11-17 06:24:11.583415,Da Nang,Mobile,0
710,74,82.44,2025-11-03 23:42:11.583417,Da Nang,Mobile,0
711,97,34.22,2025-11-05 21:43:11.583419,Can Tho,POS,0
712,184,21.14,2025-11-11 02:36:11.583420,Da Nang,Web,0
713,177,11.26,2025-11-08 06:29:11.583422,Hue,Web,0
714,29,49.84,2025-11-05 00:40:11.583423,HCM,Mobile,0
715,138,197.41,2025-11-27 06:42:11.583425,Da Nang,Mobile,0
716,68,99.7,2025-11-08 01:26:11.583426,Hanoi,Mobile,0
717,124,27.26,2025-11-27 12:38:11.583428,Can Tho,Web,0
718,55,48.22,2025-11-02 18:28:11.583429,Hue,Web,0
719,91,37.18,2025-11-08 20:09:11.583430,HCM,POS,0
720,175,21.0,2025-11-05 17:32:11.583432,Hanoi,POS,0
721,194,14.8,2025-11-18 00:57:11.583434,Hue,POS,0
722,155,3.24,2025-11-06 20:16:11.583435,Hue,Mobile,0
723,87,427.26,2025-11-08 08:42:11.583436,Tokyo,Mobile,1
724,94,30.43,2025-11-08 12:43:11.583438,Hue,Mobile,0
725,172,17.22,2025-11-07 13:35:11.583440,Da Nang,POS,0
726,143,83.84,2025-11-04 14:30:11.583441,HCM,Mobile,0
727,42,12.83,2025-11-26 16:20:11.583442,Can Tho,POS,0
728,93,8.67,2025-11-02 19:08:11.583444,Hue,Web,0
729,121,7.02,2025-11-01 19:20:11.583445,Hanoi,Web,0
730,196,1.7,2025-11-25 13:22:11.583447,Hanoi,POS,0
731,79,34.7,2025-11-09 04:35:11.583448,Hanoi,Mobile,0
732,64,42.41,2025-11-15 19:52:11.583450,Can Tho,POS,0
733,150,13.19,2025-11-03 16:52:11.583451,Hanoi,Web,0
734,81,163.63,2025-11-24 01:25:11.583453,Hanoi,Mobile,0
735,189,48.16,2025-11-08 00:47:11.583454,Hanoi,Web,0
736,69,34.45,2025-11-04 21:14:11.583456,Hanoi,Mobile,0
737,62,3.66,2025-11-16 12:43:11.583457,Da Nang,Mobile,0
738,50,55.73,2025-11-22 16:46:11.583459,Hanoi,POS,0
739,166,87.64,2025-11-24 03:23:11.583461,HCM,Web,0
740,132,14.89,2025-11-05 12:37:11.583462,Hanoi,Web,0
741,120,31.03,2025-10-31 10:40:11.583463,HCM,POS,0
742,31,47.18,2025-11-05 01:19:11.583465,HCM,Web,0
743,121,33.76,2025-11-26 11:08:11.583466,HCM,Web,0
744,113,707.4000000000001,2025-11-15 23:54:11.583468,Tokyo,POS,1
745,175,10.57,2025-11-18 21:47:11.583469,Da Nang,Web,0
746,17,21.49,2025-11-28 04:53:11.583471,HCM,Mobile,0
747,93,143.85,2025-11-17 13:53:11.583472,Da Nang,POS,0
748,92,257.4,2025-11-12 20:52:11.583474,Singapore,Web,1
749,191,25.96,2025-11-02 04:46:11.583475,Can Tho,Web,0
750,124,64.96,2025-11-27 15:04:11.583477,Can Tho,Mobile,0
751,134,6.67,2025-11-04 03:27:11.583478,Hanoi,POS,0
752,53,11.66,2025-11-22 22:26:11.583480,Hue,Web,0
753,53,22.17,2025-10-30 15:19:11.583481,Hue,Web,0
754,146,98.95,2025-11-18 01:14:11.583482,Da Nang,POS,0
755,94,68.38,2025-11-03 13:20:11.583484,Da Nang,POS,0
756,126,21.04,2025-11-10 16:32:11.583486,HCM,Mobile,0
757,1,23.16,2025-11-19 01:01:11.583487,Da Nang,Mobile,0
758,39,30.31,2025-11-20 15:21:11.583489,Da Nang,Mobile,0
759,14,12.07,2025-11-23 21:58:11.583490,HCM,Mobile,0
760,38,112.55,2025-11-15 05:38:11.583492,Da Nang,Web,0
761,95,89.48,2025-11-24 17:51:11.583493,HCM,Web,0
762,160,105.17,2025-11-10 01:07:11.583496,Da Nang,Web,0
763,78,54.41,2025-11-09 12:01:11.583498,Can Tho,POS,0
764,167,81.11,2025-11-21 05:18:11.583499,Can Tho,POS,0
765,44,207.08,2025-11-12 10:52:11.583501,Hanoi,POS,0
766,194,112.45,2025-11-04 05:30:11.583502,Can Tho,POS,0
767,103,61.57,2025-11-06 16:49:11.583504,Hanoi,Web,0
768,7,47.82,2025-11-18 17:04:11.583505,Da Nang,Mobile,0
769,189,16.42,2025-11-08 04:45:11.583507,Can Tho,Web,0
770,79,5.47,2025-11-27 09:57:11.583508,Hue,Web,0
771,15,21.22,2025-11-16 00:58:11.583510,Da Nang,Mobile,0
772,42,21.02,2025-11-07 08:33:11.583512,Hanoi,Mobile,0
773,114,82.93,2025-11-23 19:53:11.583513,HCM,Mobile,0
774,20,27.41,2025-11-14 19:17:11.583515,Hanoi,POS,0
775,75,77.55,2025-11-13 01:12:11.583516,Da Nang,POS,0
776,68,172.39,2025-11-26 00:50:11.583518,Hanoi,Web,0
777,140,102.67,2025-10-31 08:48:11.583519,Hue,Web,0
778,19,8.19,2025-11-18 12:24:11.583521,Singapore,POS,1
779,77,20.48,2025-11-10 04:05:11.583522,Da Nang,Web,0
780,188,19.03,2025-11-11 23:18:11.583526,Hanoi,POS,0
781,174,45.79,2025-11-05 20:46:11.583528,Da Nang,Web,0
782,109,87.46,2025-11-26 13:09:11.583529,Hanoi,POS,0
783,135,30.53,2025-11-05 04:55:11.583530,Can Tho,Web,0
784,117,11.72,2025-11-16 04:57:11.583532,Can Tho,Web,0
785,151,25.17,2025-11-16 05:04:11.583534,Hue,Mobile,0
786,86,8.22,2025-11-16 15:27:11.583535,HCM,POS,0
787,178,30.38,2025-11-02 08:34:11.583536,Can Tho,Web,0
788,184,31.03,2025-11-27 04:47:11.583538,HCM,POS,0
789,121,30.68,2025-11-06 23:46:11.583539,Can Tho,Web,0
790,39,34.91,2025-11-15 04:57:11.583541,Da Nang,POS,0
791,47,121.16,2025-11-08 16:05:11.583542,HCM,Web,0
792,15,36.94,2025-10-31 12:02:11.583544,Can Tho,Mobile,0
793,149,54.25,2025-11-14 10:59:11.583545,Hanoi,Mobile,0
794,139,47.75,2025-11-18 22:58:11.583547,Hanoi,Web,0
795,105,162.64,2025-10-31 19:38:11.583548,Singapore,Web,1
796,152,3.8,2025-11-16 08:48:11.583550,Can Tho,Mobile,0
797,98,9.76,2025-11-20 22:33:11.583551,Hue,Web,0
798,145,31.9,2025-11-04 14:50:11.583553,Hue,Mobile,0
799,78,21.46,2025-11-07 17:46:11.583554,Da Nang,POS,0
800,68,52.94,2025-11-10 05:38:11.583556,HCM,Web,0
801,89,51.71,2025-11-16 12:44:11.583557,Can Tho,POS,0
802,67,5.48,2025-11-24 12:42:11.583558,Can Tho,Mobile,0
803,94,51.43,2025-11-25 04:10:11.583560,Hanoi,Mobile,0
804,31,25.87,2025-11-11 07:19:11.583561,HCM,POS,0
805,124,48.05,2025-11-26 15:15:11.583563,Hanoi,Mobile,0
806,175,183.48,2025-11-03 08:55:11.583564,Hanoi,POS,0
807,1,30.37,2025-11-17 05:28:11.583566,Can Tho,POS,0
808,45,37.23,2025-11-23 19:53:11.583568,Hue,POS,0
809,40,36.24,2025-11-26 00:32:11.583569,Da Nang,Mobile,0
810,147,17.91,2025-11-28 05:27:11.583571,Hue,Mobile,0
811,197,11.97,2025-11-01 02:05:11.583572,Hue,Mobile,0
812,83,138.03,2025-11-15 02:59:11.583574,Da Nang,Web,0
813,178,98.6,2025-11-08 10:01:11.583575,Hue,Mobile,0
814,1,97.43,2025-11-16 19:00:11.583577,Hanoi,Web,0
815,15,25.01,2025-11-18 23:38:11.583578,HCM,Mobile,0
816,84,152.61,2025-11-25 13:50:11.583579,Da Nang,Web,0
817,38,23.84,2025-11-18 00:15:11.583581,Hanoi,Mobile,0
818,140,132.25,2025-11-20 15:00:11.583582,Da Nang,Web,0
819,57,13.06,2025-11-21 17:10:11.583584,Hanoi,Mobile,0
820,173,25.12,2025-11-26 05:09:11.583585,Hue,POS,0
821,77,4.38,2025-11-23 04:54:11.583587,HCM,Web,0
822,101,75.04,2025-11-14 02:13:11.583588,Da Nang,Mobile,0
823,93,8.29,2025-11-29 08:24:11.583590,HCM,Web,0
824,184,0.77,2025-11-24 02:12:11.583591,Hanoi,POS,0
825,3,53.87,2025-11-14 13:48:11.583593,Hue,POS,0
826,77,69.51,2025-10-31 18:24:11.583594,HCM,Web,0
827,143,24.29,2025-11-20 08:44:11.583596,Da Nang,Web,0
828,126,12.9,2025-11-11 03:01:11.583597,Can Tho,POS,0
829,147,30.34,2025-11-20 18:30:11.583599,HCM,Web,0
830,150,151.98,2025-11-04 00:03:11.583600,Hue,Web,0
831,76,0.71,2025-11-07 07:33:11.583601,Da Nang,Mobile,0
832,186,38.58,2025-11-20 07:43:11.583603,Hue,POS,0
833,10,21.25,2025-11-25 03:28:11.583604,Hanoi,POS,0
834,161,57.05,2025-11-15 00:36:11.583606,Hue,Mobile,0
835,93,13.18,2025-11-22 05:04:11.583608,Hanoi,POS,0
836,24,27.28,2025-11-19 13:27:11.583610,Da Nang,Mobile,0
837,147,21.6,2025-11-10 17:44:11.583611,Da Nang,Mobile,0
838,27,57.3,2025-11-02 20:28:11.583613,Can Tho,Web,0
839,143,50.44,2025-11-16 18:44:11.583614,Hue,Web,0
840,14,85.08,2025-11-05 05:02:11.583616,HCM,Mobile,0
841,122,4.52,2025-11-07 05:45:11.583618,Da Nang,Mobile,0
842,56,57.95,2025-11-16 16:17:11.583619,Can Tho,Mobile,0
843,194,3.22,2025-11-23 17:57:11.583621,Can Tho,Mobile,0
844,170,97.75,2025-11-07 05:26:11.583622,Da Nang,POS,0
845,122,33.62,2025-10-31 09:01:11.583624,Hue,POS,0
846,158,102.91,2025-11-25 16:39:11.583625,HCM,Web,0
847,180,134.25,2025-11-10 06:12:11.583626,Hue,POS,0
848,72,105.18,2025-11-18 19:23:11.583628,Hue,POS,0
849,152,152.77,2025-11-15 20:11:11.583629,Hanoi,Mobile,0
850,72,118.96,2025-11-12 20:26:11.583631,Can Tho,POS,0
851,4,23.2,2025-11-01 02:45:11.583632,Hanoi,POS,0
852,88,18.37,2025-11-16 05:09:11.583634,Hue,POS,0
853,150,44.41,2025-11-01 14:57:11.583636,Hanoi,POS,0
854,141,82.25,2025-11-03 18:59:11.583637,Hanoi,Mobile,0
855,43,22.23,2025-11-10 09:44:11.583638,Hanoi,Mobile,0
856,24,18.63,2025-10-30 13:08:11.583640,Can Tho,Web,0
857,163,33.93,2025-11-05 12:40:11.583642,Da Nang,Web,0
858,139,4.95,2025-11-29 05:08:11.583643,Da Nang,POS,0
859,100,7.05,2025-11-10 14:39:11.583644,Hanoi,POS,0
860,76,141.36,2025-11-08 17:04:11.583646,Hue,Web,0
861,5,5.69,2025-11-05 18:11:11.583647,Hanoi,Mobile,0
862,20,12.62,2025-11-15 14:13:11.583651,HCM,Web,0
863,121,67.79,2025-11-28 14:28:11.583652,Can Tho,Mobile,0
864,88,3.83,2025-11-04 03:18:11.583654,Hanoi,Mobile,0
865,102,12.42,2025-11-14 11:06:11.583657,HCM,Web,0
866,8,21.23,2025-11-24 16:55:11.583659,HCM,Mobile,0
867,154,1.82,2025-11-06 01:21:11.583660,Hanoi,Web,0
868,179,77.35,2025-11-20 08:02:11.583662,Hue,POS,0
869,66,20.85,2025-11-11 00:19:11.583663,Da Nang,Mobile,0
870,92,93.08,2025-11-27 07:40:11.583664,Da Nang,Mobile,0
871,1,85.54,2025-11-06 16:58:11.583666,Hue,Mobile,0
872,20,78.22,2025-10-30 11:09:11.583667,Can Tho,Mobile,0
873,130,0.3,2025-11-08 01:55:11.583669,Da Nang,POS,0
874,153,26.13,2025-11-13 22:37:11.583670,Da Nang,POS,0
875,161,91.3,2025-11-26 21:52:11.583672,Da Nang,Web,0
876,181,43.76,2025-11-17 10:57:11.583673,Hanoi,POS,0
877,53,99.96,2025-11-15 09:44:11.583675,Singapore,Web,1
878,29,42.57,2025-11-26 16:06:11.583676,Hue,POS,0
879,104,16.41,2025-11-07 01:24:11.583678,Da Nang,POS,0
880,41,41.79,2025-11-25 23:20:11.583679,Can Tho,Web,0
881,148,12.47,2025-11-01 15:16:11.583681,Hue,Web,0
882,59,30.89,2025-11-25 20:07:11.583682,HCM,POS,0
883,134,106.63,2025-11-02 10:12:11.583684,Da Nang,Mobile,0
884,126,187.19,2025-11-16 02:12:11.583685,Da Nang,Web,0
885,119,84.96,2025-11-04 03:11:11.583687,Can Tho,POS,0
886,137,108.82,2025-11-01 09:50:11.583688,Da Nang,Web,0
887,106,32.08,2025-11-09 13:46:11.583690,Da Nang,POS,0
888,93,20.41,2025-11-14 01:07:11.583691,Can Tho,POS,0
889,190,351.69,2025-10-30 09:39:11.583692,New York,POS,1
890,136,3.64,2025-11-21 19:01:11.583694,Da Nang,Web,0
891,165,25.34,2025-11-17 22:04:11.583695,HCM,POS,0
892,81,196.85,2025-11-15 03:07:11.583697,Can Tho,Web,0
893,153,35.86,2025-11-20 16:27:11.583698,Da Nang,Mobile,0
894,65,6.81,2025-11-17 21:25:11.583700,HCM,Web,0
895,186,183.22,2025-11-08 18:52:11.583701,HCM,Web,0
896,91,9.37,2025-11-19 00:59:11.583703,Da Nang,POS,0
897,124,383.95,2025-11-03 04:27:11.583704,New York,Mobile,1
898,52,10.23,2025-11-10 18:09:11.583705,Hue,Web,0
899,37,41.02,2025-11-27 15:50:11.583707,Hanoi,Web,0
900,147,35.45,2025-11-03 14:35:11.583709,Hanoi,Mobile,0
901,172,24.01,2025-11-03 05:21:11.583710,Da Nang,Mobile,0
902,169,147.95,2025-11-03 05:34:11.583712,Da Nang,Web,0
903,21,2.09,2025-11-15 22:46:11.583714,Da Nang,Web,0
904,188,16.11,2025-11-19 21:33:11.583715,Hanoi,POS,0
905,168,1538.3700000000001,2025-11-11 17:02:11.583717,Tokyo,Mobile,1
906,58,48.04,2025-11-28 23:18:11.583718,Hanoi,Mobile,0
907,70,17.06,2025-11-14 01:42:11.583720,Hue,POS,0
908,57,35.81,2025-11-15 14:45:11.583721,Da Nang,POS,0
909,76,39.54,2025-11-29 05:01:11.583722,Da Nang,Mobile,0
910,3,41.76,2025-11-18 09:28:11.583724,Hue,Mobile,0
911,56,16.62,2025-11-29 01:32:11.583725,Can Tho,Web,0
912,131,12.57,2025-11-06 04:46:11.583727,Hanoi,Web,0
913,17,51.07,2025-11-20 12:55:11.583728,Hanoi,Mobile,0
914,184,39.6,2025-11-08 13:00:11.583730,Hanoi,Mobile,0
915,43,2.13,2025-11-02 22:44:11.583731,Hue,Web,0
916,26,34.39,2025-11-23 00:40:11.583733,Hanoi,Mobile,0
917,181,100.49,2025-11-14 00:02:11.583734,Hue,Web,0
918,190,71.15,2025-11-10 02:40:11.583736,Can Tho,Web,0
919,110,0.09,2025-11-26 03:35:11.583737,Hue,Web,0
920,33,108.31,2025-11-08 09:58:11.583738,HCM,Web,0
921,69,9.09,2025-11-23 08:06:11.583740,Hue,Mobile,0
922,91,1.1,2025-11-20 23:17:11.583741,Da Nang,POS,0
923,107,18.0,2025-11-08 21:33:11.583743,Can Tho,Mobile,0
924,129,23.62,2025-11-23 02:16:11.583744,Can Tho,Mobile,0
925,41,228.33999999999997,2025-11-02 19:21:11.583746,New York,POS,1
926,131,12.22,2025-11-26 19:40:11.583747,Can Tho,Web,0
927,180,5.3,2025-11-03 18:52:11.583749,Da Nang,Mobile,0
928,184,43.81,2025-11-16 13:38:11.583750,Can Tho,POS,0
929,67,51.72,2025-11-08 06:08:11.583752,Can Tho,Web,0
930,117,174.38,2025-11-24 23:41:11.583753,Hanoi,POS,0
931,16,103.45,2025-11-15 03:15:11.583755,Can Tho,Web,0
932,94,28.05,2025-11-22 19:30:11.583756,Da Nang,POS,0
933,65,217.35,2025-11-08 10:26:11.583757,New York,Web,1
934,164,7.37,2025-11-20 22:02:11.583759,Can Tho,Mobile,0
935,128,156.69,2025-11-28 15:22:11.583760,Da Nang,Web,0
936,64,50.35,2025-11-14 03:12:11.583762,Hanoi,POS,0
937,83,16.32,2025-11-13 01:02:11.583764,Hanoi,POS,0
938,123,29.7,2025-11-11 08:37:11.583766,Can Tho,Web,0
939,1,33.89,2025-11-05 12:31:11.583768,HCM,Web,0
940,135,231.83999999999997,2025-11-07 19:26:11.583769,Tokyo,POS,1
941,169,24.84,2025-11-03 18:32:11.583770,Can Tho,POS,0
942,47,43.46,2025-11-08 23:35:11.583772,Hanoi,Web,0
943,157,151.31,2025-11-08 09:00:11.583773,Hanoi,POS,0
944,157,24.03,2025-11-17 06:49:11.583775,Hue,Web,0
945,186,40.03,2025-11-15 07:42:11.583776,Hanoi,POS,0
946,193,35.09,2025-11-07 07:08:11.583778,Da Nang,Mobile,0
947,66,38.26,2025-11-05 14:34:11.583779,Hanoi,Mobile,0
948,4,71.87,2025-11-03 09:33:11.583781,Da Nang,POS,0
949,73,34.98,2025-11-24 21:01:11.583782,Hanoi,POS,0
950,102,18.98,2025-10-30 16:13:11.583786,Hue,POS,0
951,45,77.09,2025-11-07 03:08:11.583787,HCM,Web,0
952,92,149.82,2025-11-07 07:06:11.583789,Da Nang,Web,0
953,70,1.58,2025-11-12 15:58:11.583790,Can Tho,POS,0
954,64,2.02,2025-11-13 13:47:11.583792,Hue,Web,0
955,105,31.5,2025-11-02 03:17:11.583793,Can Tho,Web,0
956,147,8.14,2025-10-30 17:27:11.583795,Can Tho,POS,0
957,74,14.38,2025-11-04 12:44:11.583796,Da Nang,POS,0
958,59,13.22,2025-11-05 06:02:11.583798,HCM,Web,0
959,29,33.14,2025-11-28 06:11:11.583799,Hanoi,Web,0
960,17,86.24,2025-11-25 15:41:11.583800,Hue,Web,0
961,99,13.98,2025-11-24 07:12:11.583802,Hanoi,Mobile,0
962,52,7.59,2025-10-31 06:18:11.583803,Da Nang,Mobile,0
963,37,38.87,2025-11-28 22:17:11.583805,Can Tho,Mobile,0
964,174,3.49,2025-11-25 06:46:11.583806,Hue,Mobile,0
965,84,15.35,2025-11-01 08:03:11.583808,Hanoi,Mobile,0
966,173,91.97,2025-10-31 16:26:11.583809,Da Nang,Web,0
967,184,6.26,2025-11-08 12:13:11.583811,HCM,Mobile,0
968,129,18.99,2025-11-01 08:56:11.583812,Hue,POS,0
969,153,6.0,2025-11-03 17:34:11.583814,Can Tho,POS,0
970,88,216.34,2025-11-20 07:46:11.583815,Hue,POS,0
971,68,18.03,2025-11-11 07:17:11.583817,Da Nang,Mobile,0
972,66,94.26,2025-11-26 01:30:11.583819,Hue,POS,0
973,103,29.52,2025-11-29 08:14:11.583821,Da Nang,Mobile,0
974,84,119.06,2025-11-16 01:13:11.583824,HCM,Web,0
975,152,14.37,2025-11-23 21:42:11.583826,Can Tho,Web,0
976,14,1.6,2025-11-06 03:29:11.583829,Hanoi,Web,0
977,160,55.39,2025-11-23 08:20:11.583831,Hanoi,Mobile,0
978,129,1.05,2025-10-30 22:26:11.583834,Da Nang,POS,0
979,182,20.41,2025-11-13 09:14:11.583837,Can Tho,POS,0
980,41,27.72,2025-11-09 22:02:11.583840,Can Tho,POS,0
981,135,13.01,2025-11-28 21:32:11.583842,Hanoi,Mobile,0
982,174,47.13,2025-11-19 09:40:11.583844,Can Tho,Web,0
983,90,22.41,2025-11-12 20:38:11.583847,Can Tho,Mobile,0
984,37,18.85,2025-11-02 08:33:11.583850,Can Tho,POS,0
985,80,23.87,2025-11-24 11:32:11.583852,Hue,Web,0
986,163,22.03,2025-11-07 20:36:11.583855,HCM,Web,0
987,121,37.86,2025-11-03 18:41:11.583858,Hue,Web,0
988,40,61.57,2025-11-01 03:44:11.583865,HCM,Web,0
989,120,15.99,2025-11-19 14:52:11.583868,Hue,POS,0
990,153,37.18,2025-11-11 06:42:11.583870,Can Tho,POS,0
991,150,118.37,2025-11-26 07:09:11.583871,Hanoi,POS,0
992,159,341.67,2025-11-13 08:54:11.583873,Tokyo,Mobile,1
993,182,16.46,2025-11-17 12:34:11.583874,Hanoi,Web,0
994,41,1.9,2025-11-14 08:52:11.583875,Da Nang,POS,0
995,150,6.8,2025-11-02 10:57:11.583877,Can Tho,Web,0
996,95,1.91,2025-11-13 14:55:11.583878,HCM,Mobile,0
997,2,61.6,2025-11-22 07:23:11.583880,HCM,Web,0
998,129,181.84,2025-11-02 04:04:11.583881,Can Tho,Web,0
999,28,46.49,2025-11-12 23:13:11.583882,Hue,POS,0
1000,106,12.92,2025-11-18 01:52:11.583884,Da Nang,Mobile,0
